Абаза; 39047
Абакан; 3902
Абан; 39163
Абатский; 34556
Абдулино; 35355
Абинск; 86150
Абрамовка; 4964
Авсюнино; 4964
Агаповка; 35140
Агидель; 34731
Агинское; 30239
Агинское; 39142
Агрыз; 85551
Адамовка; 35365
Адлер; 8622
Адыгейск; 87772
Азнакаево; 85592
Азов; 86342
Азово; 38141
Айкино; 82134
Акбулак; 35335
Аксай; 86350
Аксарка; 34993
Аксубаево; 84344
Актаныш; 85552
Акуша; 87260
Акша; 30231
Акъяр; 34758
Алагир; 86731
Алапаевск; 34346
Алатырь; 83531
Алдан; 41145
Алейск; 38553
Александро-Невский; 49158
Александров; 49244
Александров Гай; 84578
Александров-Сахалинский; 424340
Александров-Сахалинский; 42434
Александровка; 35359
Александровск; 34274
Александровское; 86557
Александровское; 38255
Алексеевка; 47234
Алексеевка; 84671
Алексеевская; 84446
Алексеевское; 84341
Алексин; 48753
Аликово; 83535
Алнаши; 34150
Алтайский; 38537
Алферово; 49643
Альменево; 35242
Альметьевск; 8553
Амга; 41142
Амурзет; 42665
Амурск; 42142
Анадырь; 42722
Анапа; 86133
Ангарск; 3955
Андреаполь; 48267
Анжеро-Судженск; 38453
Анива; 42441
Анино; 81376
Анна; 47346
Антропово; 49430
Анучино; 42362
Апастово; 84376
Апатиты; 81555
Апрелевка; 49634
Апшеронск; 86152
Арбаж; 83330
Аргаяш; 35131
Ардатов; 83431
Ардатов; 83179
Ардон; 86732
Арзамас; 83147
Арзгир; 86560
Аркадак; 84542
Армавир; 86137
Армизонское; 34547
Аромашево; 34545
Арсеньев; 42361
Арсеньево; 48733
Арск; 84366
Артемовский; 34363
Арти; 34391
Архангельск; 8182
Архангельск; 818
Архангельское; 34774
Архангельское; 48744
Архара; 41648
Архонская; 86739
Асбест; 34365
Асекеево; 35351
Асино; 38241
Аскарово; 34772
Аскиз; 39045
Аскино; 34771
Астрахань; 8512
Аткарск; 84552
Атюрьево; 83454
Атяшево; 83434
Ахтубинск; 85141
Ачинск; 39151
Ачит; 34391
Ачхой-Мартан; 87142
Аша; 35159
Аше; 8622
Ашукино; 49653
Б.Дворы; 49643
Бабаево; 81743
Бабаюрт; 87247
Бабынино; 48448
Бавлы; 85569
Багаевский; 86357
Баган; 38353
Багратионовск; 40156
Баево; 38585
Базарные Матаки; 84346
Базарный Карабулак; 84591
Базарный Сызган; 84240
Бай-Хаак; 39437
Байкалово; 34362
Байкальск; 39542
Байкитский; 39178
Баймак; 34751
Бакалы; 34742
Баксан; 86634
Балабаново; 48438
Балаково; 8453
Балахна; 83144
Балахта; 39148
Балашов; 84545
Балезино; 34166
Балей; 30232
Балтай; 84592
Балтаси; 84368
Балтийск; 40145
Барабинск; 38361
Барановское; 49644
Баргузин; 30131
Барда; 34292
Барнаул; 3852
Барыбино; 49679
Барыш; 84253
Барятино; 48454
Батагай-Алыта; 41160
Батайск; 86354
Батецкий; 81661
Батырево; 83532
Башмаково; 84143
Беднодемьяновск; 84151
Бежаницы; 81141
Бежецк; 48231
Безенчук; 84676
Беззубово; 4964
Бекасово-2; 49634
Беково; 84141
Белавино; 4964
Белая; 47149
Белая Глина; 86154
Белая Калитва; 86383
Белая Холуница; 83364
Белгород; 4722
Белебей; 34786
Белев; 48742
Белинский; 84153
Белово; 38452
Белогорск; 41641
Белозерск; 81756
Белозерск; 49644
Белозерское; 35232
Белокуриха; 38577
Беломорск; 81437
Белоомут; 49663
Белорецк; 34792
Белореченск; 86155
Белоярский; 34377
Белые Столбы; 49679
Белый; 48250
Белый Яр; 38258
Белый Яр; 39041
Беляевка; 35334
Бердигестях; 41131
Бердск; 38341
Бердюжье; 34554
Бережки; 49640
Березник; 81831
Березники; 3424
Березняки; 49654
Березовка; 39175
Березовка; 34251
Березово; 34674
Березовский; 38445
Березовский; 34369
Беринговский; 42733
Беслан; 86737
Бесово; 49669
Бессоновка; 84140
Бетлица; 48457
Бея; 39044
Бижбуляк; 34743
Бийск; 3854
Бикин; 42155
Билибино; 42738
Биробиджан; 42622
Бирск; 34784
Бичура; 30133
Благовещенка; 38564
Благовещенск; 4162
Благовещенск; 34766
Благодар-ный; 86549
Бобров; 47350
Богатое; 84666
Богатые Сабы; 84362
Богданович; 34376
Боговарово; 49451
Богородицк; 48761
Богородск; 83170
Богородское; 84495
Богородское; 83333
Богородское; 42151
Боготол; 39157
Боград; 39034
Богучанский; 39162
Богучаны; 39162
Богучар; 47366
Боковская; 86382
Бокситогорск; 81366
Болгар; 84347
Бологое; 48238
Болотное; 38349
Болхов; 48640
Большая Атня; 84369
Большая Глушица; 84673
Большая Ижора; 81376
Большая Мартыновка; 86395
Большая Мурта; 39198
Большая Сосновая; 34257
Большая Черениговка; 84672
Большевик; 4967
Большеречье; 38169
Большеустьикинское; 34770
Большие Березники; 83436
Большие Кайбицы; 84370
Большие Уки; 38162
Большое Болдино; 83138
Большое Игнатово; 83442
Большое Мурашкино; 83167
Большое Нагаткино; 84245
Большое Село; 48542
Большое Солдатское; 47136
Большое Сорокино; 34550
Большой Камень; 42335
Большой Улуй; 39159
Большой Царын; 84747
Бондари; 47534
Бор; 83159
Борзя; 30233
Борисовка; 47246
Борисоглебск; 47354
Борисоглебский; 48539
Боровичи; 81664
Боровково; 49651
Боровск; 48438
Борогонцы; 41161
Бородино; 39168
Борское; 84667
Братск; 3953
Бреды; 35141
Брейтово; 48545
Бронницы; 49646
Брюховецкая; 86156
Брянск; 4832
Бугульма; 85594
Бугуруслан; 35352
Буденновск; 86559
Буздяк; 34773
Бузулук; 35342
Буинск; 84374
Буй; 49435
Буйнакск;(872 37)
Буньково; 49651
Бураево; 34756
Бурла; 38572
Бутурлино; 83172
Бутурлиновка; 47361
Быково; 84495
Быково; 49646
Быково; 4967
Быстрый Исток; 38571
Вавож; 34155
Вад; 83140
Вадинск; 84142
Валдай; 81666
Валуйки; 47236
Ванино; 42137
Варгаши; 35233
Вардане; 8622
Варна; 35142
Варнавино; 83158
Васильевское; 4967
Вача; 83173
Введенское; 49632
Вейделевка; 47237
Велиж; 48132
Великие Луки; 81153
Великий Новгород; 81622
Великий Новгород; 8162
Великий Устюг; 81738
Вельск; 81836
Вельяминово; 49679
Венгерово; 38369
Венев; 48745
Верещагино; 34254
Верея; 49634
Верх-Усугли; 30264
Верхневилюйск; 41133
Верхнеуральск; 35143
Верхнеяркеево; 34762
Верхние Киги; 34748
Верхние Татышлы; 34778
Верхний Ландех; 49349
Верхний Мамон; 47355
Верхний Услон; 84379
Верхний Уфалей; 35164
Верхняя Пышма; 34368
Верхняя Салда; 34345
Верхняя Тойма; 81854
Верхняя Хава; 47343
Верхняя-Чебула; 38444
Верховажье; 81759
Верховье; 48676
Верхотурье; 34389
Верхошижемье; 83335
Веселый; 86358
Весьегонск; 48264
Ветлуга; 83150
Вешенская; 86353
Вешкайма; 84243
Визинга; 82131
Викулово; 34557
Вилюйск; 41132
Виноградово; 49644
Вичуга; 49354
Владивосток; 4232
Владикавказ; 8672
Владимир; 4922
Владимиро Александров; 42365
Вожега; 81744
Воздвиженское; 49624
Вознесенское; 83178
Волгоград; 8442
Волгодонск; 8639
Волгореченск; 49453
Волжск; 83631
Волжский; 8443
Волово; 47473
Волово; 48768
Вологда; 8172
Володарск; 83136
Володарский; 85142
Волоколамск; 49636
Волоколамский Совхоз; 49636
Волоконовка; 47235
Волосово; 81373
Волот; 81662
Волхов; 81363
Волчиха; 38565
Вольно Надеждинское; 42334
Вольск; 84593
Воркута; 82151
Воробьевка; 47356
Воронеж; 4732
Вороново; 4967
Воротынец; 83164
Воскресенск; 49644
Воскресенское; 83163
Воскресенское; 84568
Востряково; 49679
Воткинск; 34145
Вохма; 49450
Всеволожск; 81370
Вуктыл; 82146
Вурнары; 83537
Выборг; 81378
Выгоничи; 48341
Выкса; 83177
Выльгорт; 82130
Выселки; 86157
Высокая Гора; 84365
Высоковск; 49624
Вытегра; 81746
Вышний Волочек; 48233
Вяземский; 42153
Вязники; 49233
Вязьма; 48131
Вятские Поляны; 83334
Гаврилов Посад; 49355
Гаврилов Ям; 48534
Гавриловка-2Я; 47551
Гагарин; 48135
Гагино; 83195
Гай; 35362
Гайны; 34245
Галич; 49437
Гальбштадт; 38539
Гатчина; 81371
Гвардейск; 40159
Гдов; 81131
Геленджик; 86141
Георгиевск; 87951
Георгиевское; 49447
Гиагинская; 87779
Гидроузел; 49631
Глазов; 34141
Глазуновка; 48675
Глинка; 48165
Глушково; 47132
Глядянское; 35239
Голицыно; 49633
Головинка; 8622
Голышманово; 34546
Гора; 4964
Горбунки; 81376
Гордеевка; 48340
Горно-Алтайск; 38822
Горнозаводск; 34269
Горный; 84577
Горный; 30257
Горняк; 38586
Городец; 83161
Городище; 84468
Городище; 84158
Городищи; 4966
Городовиковск; 84731
Гороховец; 49238
Горшечное; 47133
Горьковское; 38157
Горячий Ключ; 86159
Гостилицы; 81376
Грайворон; 47261
Гранит; 49620
Грахово; 34163
Грачевка; 35344
Грачевка; 86540
Гремячинск; 34250
Грибановский; 47348
Григорково; 49654
Григорьевское; 49663
Гридино; 49640
Грозный; 8712
Грязи; 47461
Грязовец; 81755
Губаха; 34248
Губино; 4964
Губкин; 47241
Губкинский; 34936
Гуково; 86361
Гулькевичи; 86160
Гурьевск; 40151
Гурьевск; 38463
Гусев; 40143
Гусиноозерск; 30145
Гусь-Хрустальный; 49241
Давлеканово; 34768
Давыдово; 4964
Дагестанские Огни;(872 75)
Дагомыс; 8622
Далматово; 35252
Дальнегорск; 42373
Дальнее Константиново; 83168
Дальнереченск; 42356
Данилов; 48538
Даниловка; 84461
Данков; 47465
Даровской; 83336
Дебесы; 34151
Деденево; 49622
Дедовичи; 81136
Дедовск; 49631
Демидов; 48147
Демихово; 4964
Демянск; 81651
Дербент; 87240
Дергачи; 84563
Десногорск; 48153
Дзержинск; 8313
Дзержинское; 39167
Дивеево; 83143
Дивногорск; 39144
Дивное; 86555
Дигора; 86733
Диксонский; 39152
Димитровград; 84235
Динская; 86162
Дмитриев Льговский; 47150
Дмитриевка; 47536
Дмитров; 49622
Дмитровск-Орловский; 48649
Дно; 81135
Добринка; 47462
Доброе; 47463
Добрянка; 34265
Довольное; 38354
Долгодеревенское; 35144
Долгое; 48672
Долгоруково; 47468
Долинск; 42442
Домбаровский; 35367
Домодедово; 49679
Донецк; 86368
Донское; 86546
Донской; 48746
Дорогобуж; 48144
Дорохово; 49627
Дрезна; 4964
Дубенки; 83447
Дубна; 49621
Дубна; 48732
Дубовая Роща; 49646
Дубовка; 84458
Дубовское; 86377
Дубровка; 48332
Дудинка; 39191
Дульдурга; 30256
Думиничи; 48447
Духовницкое; 84573
Духовщина; 48166
Дюртюли; 34787
Дятьково; 48333
Евсеево; 49643
Егорлыкская; 86370
Егорьевск; 49640
Ейск; 86132
Екатеринбург; 343
Екатериновка; 84554
Екатеринославка; 41652
Елабуга; 85557
Елань; 84452
Елец; 47467
Елизово; 41531
Елово; 34296
Ельники; 83444
Ельня; 48146
Ельцовка; 38593
Еманжелинск; 35138
Емва; 82139
Емельяново; 39133
Енисейск; 39195
Енисейский; 39195
Енотаевка; 85143
Ермаковское; 39138
Ермекеево; 34741
Ермишь; 49144
Ермолаево; 34757
Ершичи; 48155
Ершов; 84564
Ершово; 49632
Ессентуки; 87934
Ессентукская; 87961
Еткуль; 35145
Ефимово; 49643
Ефремов; 48741
Железноводск; 87932
Железногорск; 47148
Железногорск-Илимский; 39566
Жердевка; 47535
Жигулевск; 84862
Жиздра; 48445
Жилево; 49664
Жирновск; 844542
Жирновск; 84454
Жирятино; 48344
Житнево; 49679
Жуков; 48432
Жуковка; 48334
Жуковский; 49648
Забайкальск; 30251
Заветное; 86378
Завитинск; 41636
Заводоуковск; 34542
Заволжск; 49333
Заволжье; 83161
Заворово; 49646
Завьялово; 38562
Загарье; 49643
Загорянский; 496
Задонск; 47471
Заиграево; 30136
Заинск; 85558
Закаменск; 30137
Залари; 39552
Залегощь; 48648
Залесово; 38592
Залукокоаже; 86637
Заозерный; 39165
Заозерск; 81556
Заокский; 48734
Западная Двина; 48265
Заполярный; 81554
Запрудня; 49620
Запутное; 4964
Зарайск; 49666
Заречный; 8412
Заринск; 38595
Захарово; 49153
Звездный; 342
Звенигово; 83645
Звенигород; 49632
Зверево; 86355
Звериноголовское; 35240
Здвинск; 38363
Зеленогорск; 39169
Зеленоградск; 40150
Зеленоградский; 49653
Зеленодольск; 84371
Зеленокумск; 86552
Зеленчукская; 87878
Земетчино; 84155
Зендиково; 49669
Зерноград; 86359
Зея; 41658
Зилаир; 34752
Зима; 39554
Зимовники; 86376
Златоуст; 3513
Злынка; 48358
Змеиногорск; 38587
Змиевка; 48645
Знаменка; 47552
Знаменск; 85140
Знаменское; 48662
Золотухино; 47151
Зональное; 38530
Зубова Поляна; 83458
Зубцов; 48262
Зуевка; 83337
Зырянка; 41155
Зырянское; 38243
Ибреси; 83538
Ивановка; 41649
Ивановская область; 4932
Ивановская область; 493
Ивантеевка; 49653
Ивантеевка; 84579
Ивдель; 34386
Ивня; 47243
Иволгинск; 30140
Игарка; 39172
Иглино; 34795
Игра; 34134
Игумново; 49646
Идринское; 39135
Ижевск; 3412
Ижма; 82140
Ижморский; 38459
Избербаш;(872 45)
Измалково; 47478
Износки; 48449
Изобильный; 86545
Ики Бурул; 84732
Икряное; 85144
Икша; 49622
Иланский; 39173
Илек; 35337
Иловля; 84467
Ильинка; 4964
Ильинский; 34276
Ильинско-Подомское; 81843
Ильинское; 49679
Ильинское-Хованское; 49353
Инжавино; 47553
Инза; 84241
Инсар; 83449
Инта; 82145
Ипатово; 86542
Ирбейское; 39174
Ирбит; 34355
Иркутск; 3952
Исаклы; 84654
Исетское; 34537
Исилькуль; 38173
Искитим; 38343
Исса; 84144
Истра; 49631
Исянгулово; 34785
Ишеевка; 84254
Ишим; 34551
Ишимбай; 34794
Йошкар-Ола; 8362
К.Дубрава; 4964
Кабаново; 4964
Кабанск; 30138
Кавалерово; 42375
Кавказская; 86193
Кавказский; 87874
Кагальницкая; 86345
Кадом; 49139
Кадошкино; 83448
Кадуй; 81742
Кадый; 49442
Казанское; 34553
Казань; 843
Казачинский; 39196
Казачинское; 39562
Калач; 47363
Калач На Дону; 84472
Калачинск; 38155
Калга; 30249
Калевала; 81454
Калининград; 4012
Калининск; 84549
Калининская; 86163
Калманка; 38551
Калтасы; 34779
Калуга; 4842
Калязин; 48249
Камбарка; 34153
Каменка; 47357
Каменоломни; 86360
Каменск Уральский; 3439
Каменск-Шахтинский; 86365
Каменское; 41546
Камень Рыболов; 42349
Камень-на-Оби; 38584
Камешково; 49248
Камское Устье; 84377
Камызяк; 85145
Камышин; 84457
Камышлов; 34375
Канаш; 83533
Кандалакша; 81533
Каневская; 86164
Канск; 39161
Кантемировка; 47367
Карабаш; 35153
Карабудахкент; 87232
Карагай; 34297
Караидель; 34744
Каракулино; 34132
Карасук; 38355
Каратузское; 39137
Карачаевск; 87879
Карачев; 48335
Каргаполье; 35256
Каргасок; 38253
Каргат; 38365
Каргополь; 81841
Кардымово; 48167
Каренское; 49632
Кармаскалы; 34765
Карпинск; 34383
Карпогоры; 81856
Карсун; 84246
Карталы; 35133
Карымское; 30234
Касимов; 49131
Касли; 35149
Каспийск;(872 46)
Касторное; 47157
Катав-Ивановск; 35147
Катайск; 35251
Качканар; 34341
Кашары; 86388
Кашин; 48234
Кашира; 49669
Каширское; 47342
Кашхатау; 86636
Кваркено; 35364
Кедровый; 39133
Кедровый; 38250
Кежемский; 39143
Кез; 34158
Кемерово; 3842
Кемля; 83433
Кесова Гора; 48274
Кетово; 35231
Кетченеры; 84735
Кижинга; 30141
Кизел; 34255
Кизильское; 35155
Кизилюрт;(872 34)
Кизляр; 87239
Кизнер; 34154
Кикнур; 83341
Килемары; 83643
Кильмезь; 83338
Кимовск; 48735
Кимры; 48236
Кингисепп; 81375
Кинель; 84663
Кинель Черкассы; 84660
Кинешма; 49331
Кипень; 81376
Киргиз-Мияки; 34788
Киреевск; 48754
Киренск; 39568
Киржач; 49237
Кириллов; 81757
Кириши; 81368
Киров; 48456
Киров; 8332
Кирово-Чепецк; 83361
Кировоград; 34357
Кировск; 81362
Кировск; 81531
Кировский; 42354
Кирс; 83339
Кирсанов; 47537
Киселевск; 38464
Кисловодск; 87937
Кичменгский Городок; 81740
Киясово; 34133
Клеменово; 49640
Клетня; 48338
Клетский; 84466
Климово; 48347
Климовск; 4967
Клин; 49624
Клинцы; 48336
Ключи; 38578
Клявлино; 84653
Клязьма; 49653
Княгинино; 83166
Ковдор; 81535
Ковернино; 83157
Ковров; 49232
Ковылкино; 83453
Когалым; 34667
Кодинск; 39143
Кожевниково; 38244
Козельск; 48442
Козловка; 83534
Козулька; 39154
Козьмодемьянск; 83632
Койгородок; 82132
Кокино; 49669
Кокошкино; 49634
Кола; 81553
Кологрив; 49443
Коломна; 4966
Колосовка; 38160
Колпашево; 38254
Колпны; 48674
Колывань; 38352
Колычево; 49640
Колычево; 4966
Колышлей; 84146
Кольчугино; 49245
Комаричи; 48355
Комсомольск; 49352
Комсомольск-На-Амуре; 4217
Комсомольский; 84743
Комсомольское; 83539
Конаково; 48242
Кондинское; 34677
Кондоль; 84147
Кондопога; 81451
Кондрово; 48434
Коноша; 81858
Константиновка; 41639
Константиново; 49654
Константиново; 49679
Константиновск; 86393
Конышевка; 47156
Копейск; 35139
Копьево; 39036
Кораблино; 49143
Коренево; 47147
Кореновск; 86142
Коркино; 35152
Кормиловка; 38170
Короча; 47231
Корсаков; 42435
Корсаково; 48667
Корткерос; 82136
Коряжма; 81850
Коса; 34298
Косиха; 38531
Костомукша; 81459
Кострово; 49631
Кострома; 4942
Котельниково; 84476
Котельнич; 83342
Котлас; 81837
Котово; 84455
Котовск; 47541
Коченево; 38351
Кочки; 38356
Кочкурово; 83439
Кочубеевское; 86550
Кош-Агач; 38842
Кошехабль; 87770
Кошки; 84650
Кр.Электрик; 49651
Крапивинский; 38446
Красная Гора; 48346
Красная Горбатка; 49236
Красная Горка; 34776
Красная Заря; 48663
Красная Пахра; 4967
Красная Пойма; 49663
Красная Яруга; 47263
Красноармейск; 49653
Красноармейск; 84550
Красноармейское; 84675
Красноармейское; 83530
Красноборск; 81840
Красновишерск; 34243
Красногвардейское; 87778
Красногвардейское; 47247
Красногвардейское; 86541
Красногородск; 81137
Красногорское; 38535
Красногорское; 34164
Краснодар; 861
Красное; 47262
Красное; 47469
Красное-На-Волге; 49432
Краснозаводск; 49654
Краснозерское; 38357
Краснознаменск; 40164
Краснокаменск; 30245
Краснокамск; 34273
Красноселькуп; 34932
Краснослободск; 83443
Краснотуранск; 39134
Краснотурьинск; 34384
Красноуральск; 34343
Красноусольский; 34740
Красноуфимск; 34394
Краснощеково; 38575
Красноярск; 391
Красные Баки; 83156
Красные Четаи; 83551
Красный; 48145
Красный Кут; 84560
Красный Сулин; 86367
Красный Ткач; 49640
Красный Холм; 48237
Красный Чикой; 30230
Красный Яр; 85146
Красный Яр; 84657
Кратово; 49646
Крекшино; 49634
Крестцы; 81659
Кривошеино; 38251
Кромы; 48643
Кропоткин; 86138
Крупино; 49643
Крутинка; 38167
Крутиха; 38589
Крыловская; 86161
Крымск; 86131
Кстово; 83145
Кувандык; 35361
Кувшиново; 48257
Кугеси; 83540
Кудепста; 8622
Кудымкар; 34260
Куеда; 34262
Куженер; 83637
Кузнецк; 84157
Кузнецово; 49634
Кузнецово; 49646
Кузнецы; 49643
Кузоватово; 84237
Куйбышев; 38362
Кукмор; 84364
Кулебаки; 83176
Кулунда; 38566
Кумены; 83343
Кумертау; 34761
Кумылженская; 84462
Кунашак; 35148
Кунгур; 34271
Кунья; 81149
Купавна; 49651
Купино; 38358
Курагино; 39136
Курган; 3522
Курганинск; 86147
Курильск; 42454
Куркино; 48743
Курманаевка; 35341
Куровское; 4964
Курсавка; 86556
Курск; 47122
Курск; 4712
Курская; 87964
Куртамыш; 35249
Курумкан; 30149
Курчалой; 87155
Курчатов; 47131
Курья; 38576
Куса; 35154
Кушва; 34344
Кушнаренково; 34780
Кущевская; 86168
Кшенский; 47158
Кызыл; 39422
Кыра; 30235
Кытманово; 38590
Кыштовка; 38371
Кыштым; 35151
Кяхта; 30142
Лабинск; 86169
Лабытнанги; 34992
Лагань; 84733
Лазаревское; 8622
Лазо; 42377
Лаишево; 84378
Лангепас; 34669
Лахденпохья; 81450
Лебедянь; 47466
Лебяжье; 83344
Лебяжье; 35237
Лебяжье; 81376
Лев Толстой; 47464
Леваши; 87252
Левокумское; 86543
Ледово; 49669
Лежнево; 49357
Ленинградская; 86145
Лениногорск; 85595
Ленинск; 84478
Ленинск Кузнецкий; 38456
Ленинский; 4876
Ленинское; 42663
Ленинское; 83345
Ленск; 41137
Лермонтов; 87935
Лесное; 48271
Лесной; 4966
Лесозаводск; 42355
Лесосибирск; 39145
Летняя Ставка; 86565
Лиаз; 4964
Ливны; 48677
Ликино-Дулево; 4964
Лиман; 85147
Липецк; 4742
Липин Бор; 81758
Липицы; 4967
Лиски; 47391
Лихославль; 48261
Ловозеро; 81538
Лодейное Поле; 81364
Локня; 81139
Локоть; 48354
Ломоносов; 812
Ломоносовский; 81376
Лоо; 8622
Лопатино; 84148
Лосино-Петровск; 496
Лотошино; 49628
Лоухи; 81439
Луга; 81372
Луза; 83346
Лукоянов; 83196
Лукьяново; 4967
Лунино; 84161
Лух; 49344
Луховицы; 49663
Луцино; 49632
Лучегорск; 42357
Лысково; 83149
Лысые Горы; 84551
Лысьва; 34249
Львовский; 4967
Льгов; 47140
Любим; 48543
Любинский; 38175
Любытино; 81668
Людиново; 48444
Лямбирь; 83441
Лянтор; 34638
Магадан; 4132
Магарамкент;(872 35)
Магдагачи; 41653
Магнитогорск; 3519
Маджалис;(872 38)
Майдарово; 4962
Майкоп; 8772
Майма; 38844
Майна; 84244
Майский; 86633
Майя; 41143
Макаров; 42443
Макарьев; 49445
Максатиха; 48253
Макушино; 35236
Малая Вишера; 81660
Малая Дубна; 4964
Малая Пурга; 34138
Малая Сердоба; 84162
Малино; 49664
Малмыж; 83347
Малоархангельск; 48679
Малояз; 34777
Малоярославец; 48431
Мамадыш; 85563
Мамонтовка; 49653
Мамонтово; 38583
Мамонтово; 49651
Мантурово; 49446
Мантурово; 47155
Марево; 81663
Мари Турек; 83634
Мариинск; 38443
Мариинский Посад; 83542
Маркс; 84567
Марьяновка; 38168
Маслянино; 38347
Матвеев Курган; 86341
Матвеевка; 35356
Махачкала; 8722
Махачкала; 8722
Маяк; 49663
Мглин; 48339
Мегион; 34663
Медвежьегорск; 81434
Медвенка; 47146
Медногорск; 35379
Медынь; 48433
Междуреченск; 38475
Междуреченский; 34677
Мезень; 81448
Меленки; 49247
Мелеуз; 34764
Мельниково; 38247
Менделеево; 4962
Менделеевск; 85549
Мензелинск; 85555
Месягутово; 34798
Мещовск; 48446
Миасс; 3513
Миасское; 35150
Миллерово; 86385
Милославское; 49157
Мильково; 41533
Милютинская; 86389
Минеральные Воды; 87922
Минино; 4964
Минусинск; 39132
Миньяр; 35159
Мирный; 81834
Мирный; 41136
Михайлов; 49130
Михайловка; 84463
Михайловка; 42346
Михайловск; 86353
Михайловский; 38570
Михайловское; 4967
Михали; 49640
Мичуринск; 47545
Мишеронь; 49645
Мишкино; 34749
Мишкино; 35247
Моготуй; 30255
Могоча; 30241
Можайск; 49638
Можга; 34139
Моздок; 86736
Мокроус; 84565
Мокроусово; 35234
Мокшан; 84150
Молоково; 48275
Молчаново; 38256
Монастырщина; 48148
Мончегорск; 81536
Моргауши; 83541
Мордово; 47542
Морки; 83635
Морозовск; 86384
Моршанск; 47533
Мосальск; 48452
Москаленки; 38174
Москва; 495
Москва; 499
Московская область; 49658
Мостовик; 49654
Мостовское; 86192
Мотыгино; 39141
Мотыгинский; 39141
Мошенское; 81653
Мошково; 38348
Мраково; 34789
Муезерский; 81455
Мужи; 34994
Мураши; 83348
Мурманск; 8152
Муром; 49234
Муромцево; 38158
Муслюмово; 85556
Муханово; 49654
Мухоршибирь; 30143
Мучкапский; 47546
Мценск; 48646
Мыски; 38474
Мышкин; 48544
Н.Ольховка; 49634
Н.Поселок; 49640
Набережные Челны; 8552
Навашино; 83175
Навля; 48342
Нагорск; 83349
Надым; 3499
Назарово; 39155
Назрань; 8732
Называевск; 38161
Нальчик; 8662
Намцы; 41162
Нариманов; 85171
Наро-Фоминск; 49634
Наровчат; 84163
Нарткала; 86635
Нарышкино; 48647
Нарьян-Мар; 81853
Нарьян-Мар; 81853
Находка; 4236
Началово; 85172
Невель; 81151
Невельск; 42436
Неверкино; 84164
Невинномысск; 86554
Невьянск; 34356
Некрасовское; 48531
Нелидово; 48266
Нема; 83350
Неман; 40162
Нерехта; 49431
Нерчинск; 30242
Нерчинский Завод; 30248
Нерюнгри; 41147
Нестеров; 40144
Нефтегорск; 84670
Нефтекамск; 34783
Нефтекумск; 86558
Нефтеюганск; 3463
Нехаевский; 84443
Нея; 49444
Нижнеангарск; 30130
Нижневартовск; 3466
Нижнедевицк; 47370
Нижнекамск; 8555
Нижнеудинск; 39557
Нижние Серги; 34398
Нижний Ингаш; 39171
Нижний Ломов; 84154
Нижний Новгород; 831
Нижний Тагил; 3435
Нижний Цасучей; 30252
Нижняя Омка; 38165
Нижняя Тавда; 34533
Нижняя Тура; 34342
Низино; 81376
Николаевка; 84247
Николаевск; 84494
Николаевск-На-Амуре; 42135
Николо-Березовка; 34759
Никольск; 81754
Никольск; 84165
Новая Ляля; 34388
Новая Малыкла; 84232
Новая Усмань; 47341
Новичиха; 38555
Ново-Синьково; 49622
Новоалександровск; 86544
Новоалтайск; 38532
Новоаннинский; 84447
Новобелокатай; 34750
Новобирилюссы; 39150
Новобурейск; 41634
Нововаршавка; 38152
Нововоронежский; 47364
Новодвинск; 81852
Новодугино; 48138
Новое; 4964
Новоегорьевское; 38560
Новозыбков; 48343
Новокаякент;(872 48)
Новокиевский Увал; 41644
Новокубанск; 86195
Новокузнецк; 3843
Новокуйбышевск; 84635
Новомичуринск; 49141
Новомосковск; 48762
Новониколаевский; 84444
Новонукутский; 39549
Новоорск; 35363
Новопавловск; 87938
Новопетровск; 49631
Новопокровка; 42359
Новопокровская; 86149
Новоржев; 81143
Новороссийск; 8617
Новоселицкое; 86548
Новоселки; 49669
Новоселово; 39147
Новосергиевка; 35339
Новосибирск; 383
Новосиль; 48673
Новосокольники; 81144
Новоспасское; 84238
Новотроицк; 3537
Новоузенск; 84562
Новоульяновск; 84255
Новоуральск; 34370
Новохоперск; 47353
Новочебоксарск; 8352
Новочеркасск; 86352
Новошахтинск; 86369
Новошешминск; 84348
Новые Бурасы; 84557
Новый; 49654
Новый Быт; 49672
Новый Некоуз; 48547
Новый Оскол; 47233
Новый Торьял; 83636
Новый Уренгой; 3494
Ногинск; 49651
Ноглики; 42444
Ножай-Юрт; 87148
Нолинск; 83368
Норильск; 39192
Норильск; 39193
Норильск; 39194
Носово; 49663
Ноябрьск; 3496
Нудоль; 49624
Нурлат; 84345
Нытва; 34272
Нюксеница; 81747
Нюрба; 41134
Нягань; 34672
Нязепетровск; 35156
Няндома; 81838
Обливская; 86396
Облучье; 42666
Обнинск; 48439
Оборино; 49651
Обоянь; 47141
Обухово; 49651
Объячево; 82133
Обь; 38373
Одесское; 38159
Одоев; 48736
Ожерелье; 49669
Озерск; 40142
Озерск; 35130
Озеры; 49670
Озинки; 84576
Оконешниково; 38166
Октябрьск; 84646
Октябрьский; 81855
Октябрьский; 34767
Октябрьский; 84475
Октябрьский; 34266
Октябрьское; 35330
Октябрьское; 86738
Октябрьское; 34678
Октябрьское; 35158
Окуловка; 81657
Ола; 41341
Олекминск; 41138
Оленегорск; 81552
Оленино; 48258
Оловянная; 30253
Олонец; 81436
Ольга; 42376
Ольховатка; 47395
Ольховка; 84456
Омск; 3812
Омсукчан; 41346
Омутинский; 34544
Омутнинск; 83352
Онгудай; 38845
Онега; 81839
Онуфриево; 49631
Опарино; 83353
Опочка; 81138
Орда; 34258
Ордынское; 38359
Орево; 49622
Орел; 4862
Оренбург; 3532
Орехово-Зуево; 4964
Оричи; 83354
Орлов; 83365
Орловский; 86375
Орск; 3537
Оршанка; 83641
Оса; 34291
Осинники; 38471
Осташков; 48235
Осташово; 49636
Остров; 81152
Островское; 49438
Острогожск; 47375
Отрадная; 86144
Отрадный; 84661
Оха; 42437
Оханск; 34279
Охотск; 42141
Очер; 34278
П.Зверосовхоз; 49653
Павино; 49439
Павловка; 84248
Павлово; 83171
Павловск; 38581
Павловск; 47362
Павловская; 86191
Павловская Слобода; 49631
Павловский Посад; 49643
Павловское; 49631
Павловское; 49679
Павлоградка; 38172
Палана; 41543
Палатка; 41342
Палех; 49334
Палкино; 81145
Палласовка; 84492
Панино; 47344
Панкрушиха; 38580
Парабель; 38252
Параньга; 83639
Партизанск; 423630
Партизанск; 42363
Партизанское; 39140
Парфеньево; 49440
Парфино; 81650
Пачелма; 84152
Певек; 42737
Пенза; 8412
Пено; 48230
Первомайск; 83139
Первомайский; 35348
Первомайский; 47548
Первомайское; 38245
Первоуральск; 3439
Перевоз; 83148
Переволоцкий; 35338
Перемышль; 48441
Переславль-Залесский; 48535
Переяславка; 42154
Пермь; 342
Пестово; 81669
Пестравка; 84674
Пестрецы; 84367
Пестяки; 49346
Песчанокопское; 86373
Петровск; 84555
Петровск Забайкальск; 30236
Петровское; 47544
Петрозаводск; 8142
Петропавловка; 30134
Петропавловка; 47365
Петропавловск-Камчатский; 41522
Петропавловское; 38573
Петухово; 35235
Петушки; 49243
Печора; 82142
Печоры; 81148
Пешки; 4962
Пижанка; 83355
Пикалево; 81366
Пильна; 83192
Пионерский; 40155
Пировское; 39166
Пителино; 49145
Питерка; 84561
Питкяранта; 81433
Пичаево; 47554
Плавск; 48752
Пласт; 35160
Плес; 49339
Плесецк; 81832
Плешаново; 35345
Плюсса; 81133
Повадино; 49679
Поварово; 4962
Поворино; 47376
Погар; 48349
Пограничный; 42345
Подгоренский; 47394
Подгорное; 38257
Поддорье; 81658
Подмосковный; 49646
Подмосковье; 49679
Подольск; 4967
Подосиновец; 83351
Подпорожье; 81365
Подрядниково; 49640
Покачи; 34669
Покров; 49243
Покровка; 42344
Покровск; 41144
Покровское; 48664
Покровское; 86347
Полбино; 49640
Полевской; 34350
Полесск; 40158
Половинное; 35238
Полтавка; 38163
Полтавская; 86165
Полярные Зори; 81532
Полярный; 81551
Поназырево; 49448
Пономаревка; 35357
Поныри; 47135
Поповская; 49640
Порецкое; 83543
Поречье; 49638
Поронайск; 42431
Порхов; 81134
Пос.Биокомбинат; 496
Поспелиха; 38556
Похвистнево; 84656
Почеп; 48345
Починки; 49640
Починки; 83197
Починок; 48149
Пошехонье; 48546
Поярково; 41637
Правдинск; 40157
Правдинский; 49653
Преображенская; 84445
Пречистое; 48549
Приаргунск; 30243
Привокзальный; 49636
Приволжск; 49339
Приволжье; 84647
Приморско-Ахтарск; 86143
Приморье; 8622
Приозерск; 81379
Пристень; 47134
Приютное; 84736
Провидения; 42735
Прокопьевск; 3846
Пролетарий; 4967
Промышленная; 38442
Пронск; 49155
Протвино; 4967
Прохладный; 86631
Прохоровка; 47242
Пряжа; 81456
Прямицыно; 47142
Псков; 81122
Псков; 8112
Птицеград; 49654
Птичное; 49634
Пугачев; 84574
Пудож; 81452
Пустошка; 81142
Путятино; 49146
Пучеж; 49345
Пушкино; 49653
Пушкинские Горы; 81146
Пущино; 4967
Пыталово; 81147
Пыть-Ях; 3463
Пышма; 34372
Пыщуг; 49452
Пятигорск; 8793
Радищево; 84239
Радужный; 49254
Радужный; 4966
Радужный; 34668
Раевский; 34754
Райчихинск; 41647
Ракитное; 47245
Раменки; 49640
Раменское; 49646
Рамешки; 48244
Рамонь; 47340
Рассказово; 47531
Рахмановский Комбинат; 49643
Ребриха; 38582
Ревда; 34397
Реж; 34364
Ремонтное; 86379
Репьевка; 47374
Речицы; 49646
Ржакса; 47555
Ржев; 48232
Ровеньки; 47238
Ровное; 84596
Рогачево; 49622
Рогнедино; 48331
Рогово; 4967
Родино; 38563
Родионово-Несветайская; 86340
Родники; 49336
Романовка; 84544
Романово; 38561
Романовская; 86394
Ромны; 41645
Ромоданово; 83438
Рославль; 48134
Россошь; 47396
Ростов; 48536
Ростов-На-Дону; 863
Рошаль; 49645
Ртищево; 84540
Рубцовск; 38557
Рудня; 84453
Рудня; 48141
Руза; 49627
Рузаевка; 83451
Румянцево; 49631
Русская Поляна; 38156
Русский Камешкир; 84145
Русское Поле; 49672
Рыбинск; 4855
Рыбная Слобода; 84361
Рыбное; 49137
Рыльск; 47152
Ряжск; 49132
Рязань; 4912
Сав.Слобода; 49632
Савино; 49356
Савино; 4964
Садовое; 84741
Сакмара; 35331
Салават; 34763
Салехард; 34922
Сальск; 86372
Самара; 846
Самойловка; 84548
Сангар; 41163
Сандово; 48272
Санкт-Петербург; 812
Санчурск; 83357
Сапожок; 49152
Сараи; 49148
Саракташ; 35333
Саранск; 8342
Сарапул; 34147
Саратов; 8452
Саргатское; 38178
Сарманово; 85559
Саров; 83130
Саскылах; 41168
Сасово; 49133
Сатинка; 47556
Сатка; 35161
Сафакулево; 35243
Сафоново; 48142
Саяногорск; 39042
Саянск; 39553
Свердловский; 496
Светлогорск; 40153
Светлоград; 86547
Светлый; 40152
Светлый; 35366
Светлый Яр; 84477
Свеча; 83358
Свирск; 39573
Свободный; 41643
Себеж; 81140
Севастополь; 8692
Северное; 38360
Северное; 35354
Северный; 49620
Северо-Енисейский; 39160
Северобайкальск; 30130
Северодвинск; 81842
Северодвинск; 8184
Североморск; 81537
Североуральск; 34380
Северск; 3823
Северская; 86166
Севск; 48356
Сегежа; 81431
Седельниково; 38164
Сеймчан; 41347
Селиваниха; 49640
Село Им.Бабушкина; 81745
Селты; 34159
Селятино; 49634
Семенов; 83162
Семикаракорск; 86356
Семилуки; 47372
Сенгилей; 84233
Серафимович; 84464
Сергач; 83191
Сергиев Посад; 49654
Сергиевск; 84655
Сергокала; 87230
Сердобск; 84167
Серебряные Пруды; 49667
Середа; 49637
Сернур; 83633
Серов; 34385
Серпухов; 4967
Серышево; 41642
Сеченево; 83193
Сибай; 34775
Сива; 34277
Ситне-Щелканово; 49664
Сковородино; 41654
Скопин; 49156
Славгород; 38568
Славск; 40163
Славянка; 42331
Славянск На Кубани; 86146
Сладково; 34555
Сланцы; 81374
Слободской; 83362
Слюдянка; 39544
Смидович; 42632
Смирных; 42452
Смоленск; 4812
Смоленское; 38536
Снегири; 49631
Снежинск; 35146
Снежногорск; 39193
Снежногорск; 81530
Собинка; 49242
Соболево; 4964
Совет-Квадже; 8622
Советск; 40161
Советск; 83375
Советская Гавань; 42138
Советский; 83638
Советский; 34675
Советское; 38598
Сокол; 81733
Солигалич; 49436
Соликамск; 34253
Солнечногорск; 4962
Солнечный; 42146
Солнечный; 41140
Солнцево; 47154
Соловецкий Поселок; 8183590
Солонешное; 38594
Солотча; 4912
Солтон; 38533
Соль-Илецк; 35336
Сольцы; 81655
Сонково; 48246
Сорочинск; 35346
Сорск; 39033
Сортавала; 81430
Сосково; 48665
Сосновка; 47532
Сосново-Озерское; 30135
Сосновоборск; 39131
Сосновоборск; 84168
Сосновское; 83174
Сосновый Бор; 81369
Сосногорск; 82149
Софрино; 49653
Сочи; 8622
Спас-Деменск; 48455
Спас-Заулок; 49624
Спас-Клепики; 49142
Спасск Дальний; 42352
Спасск-Рязанский; 49135
Спасское; 83165
Спирово; 48276
Средняя Ахтуба; 84479
Сретенск; 30246
Ставрополь; 8652
Становое; 47476
Старая Кулатка; 84249
Старая Майна; 84230
Старая Полтавка; 84493
Старая Русса; 81652
Старая Ситня; 49664
Старица; 48263
Староалейское; 38559
Стародуб; 48348
Старое Дрожжаное; 84375
Старое Шайгово; 83432
Старожилово; 49151
Староминская; 86153
Старощербиновская; 86151
Староюрьево; 47543
Старый Оскол; 4725
Стенино; 4964
Степное; 84566
Степное; 86563
Стерлибашево; 34739
Стерлитамак; 3473
Столбовая; 49672
Стрежевой; 38259
Строитель; 47244
Струги-Красные; 81132
Ступино; 49664
Суворов; 48763
Суджа; 47143
Судиславль; 49433
Судогда; 49235
Суздаль; 49231
Суземка; 48353
Сузун; 38346
Суксун; 34275
Суна; 83369
Сунтар; 41135
Суоярви; 81457
Сураж; 48330
Сургут; 3462
Суровкино; 84473
Сурское; 84242
Сусанино; 49434
Сусуман; 41345
Сухиничи; 48451
Сухобузимское; 39199
Сухой Лог; 34373
Сызрань; 8464
Сыктывкар; 8212
Сысерть; 34374
Сысоево; 49622
Сычевка; 48130
Сычево; 49636
Сюмси; 34152
Сямжа; 81752
Т.Болото; 49640
Таборы; 34347
Табуны; 38567
Тавда; 34360
Таврическое; 38151
Таганрог; 86344
Таганрог; 8634
Тазовский; 34940
Тайга; 38448
Тайшет; 39563
Таксимо; 30132
Талдом; 49620
Талица; 34371
Таловая; 47352
Тальменка; 38591
Тамала; 84169
Тамбов; 4752
Тамбовка; 41638
Тара; 38171
Тарасовский; 86386
Тарбагатай; 30146
Тарко-Сале; 34997
Тарногский Городок; 81748
Тарумовка; 87261
Таруса; 48435
Тасеево; 39164
Татарск; 38364
Татищево; 84558
Тахтамукай; 87771
Тацинский; 86397
Ташла; 35347
Таштагол; 38473
Таштып; 39046
Тбилисская; 86158
Тверь; 4822
Тевриз; 38154
Тегульдет; 38246
Тейково; 49343
Темкино; 48136
Темников; 83445
Темрюк; 86148
Теньгушево; 83446
Теплое; 48755
Тербуны; 47474
Терек; 86632
Тереньга; 84234
Терней; 42374
Терновка; 47347
Терскол; 86638
Тетюши; 84373
Тигиль; 41537
Тикси; 41167
Тиличики; 41544
Тим; 47153
Тимашевск; 86130
Тимоново; 4962
Тисуль; 38447
Тихвин; 81367
Тихорецк; 86196
Тобольск; 3456
Тогул; 38597
Тогучин; 38340
Токаревка; 47557
Толбазы; 34745
Тольятти; 8482
Томари; 42446
Томск; 3822
Тонкино; 83153
Тоншаево; 83151
Топки; 38454
Топчиха; 38552
Торбеево; 83456
Торжок; 48251
Торопец; 48268
Тосно; 81361
Тотьма; 81739
Тоцкое; 35349
Трехгорный; 35191
Троицк; 4967
Троицк; 35163
Троицко Печорск; 82138
Троицкое; 38534
Троицкое; 84742
Троицкое; 49672
Троицкое; 42156
Тросна; 48666
Трубчевск; 48352
Туапсе; 86167
Туголесский Бор; 49645
Тугулым; 34367
Тужа; 83340
Туймазы; 34782
Тула; 4872
Тульский; 87777
Тунгусско-Чунский; 39177
Тура; 39170
Туринск; 34349
Туринская Слобода; 34361
Турки; 84543
Турочак; 38843
Турунтаево; 30144
Туруханский; 39190
Тутаев; 48533
Тучково; 49627
Тымовское; 42447
Тында; 41656
Тырныауз; 86638
Тюкалинск; 38176
Тюльган; 35332
Тюлячи; 84360
Тюменцево; 38588
Тюмень; 3452
Тюхтет; 39158
Тяжинский; 38449
Убинское; 38366
Ува; 34130
Уваровка; 49638
Уварово; 47558
Уват; 34561
Увельский; 35166
Углегорск; 42432
Углич; 48532
Угловское; 38579
Угольные Копи; 42732
Угра; 48137
Удомля; 48255
Ужур; 39156
Узловая; 48731
Уинское; 34259
Уйское; 35165
Улан-Удэ; 3012
Улеты; 30238
Ульяново; 48443
Ульяновск; 8422
Умба; 81559
Умет; 47559
Унеча; 48351
Уни; 83359
Упорово; 34541
Уразовка; 83194
Урай; 34676
Урень; 83154
Уржум; 83363
Урмары; 83544
Урус-Мартан; 87145
Уруссу; 85593
Урюпинск; 84442
Усвяты; 81150
Усинск; 82144
Усмань; 47472
Усогорск; 82135
Усолье; 3424
Усолье Сибирское; 39543
Успенская; 86140
Уссурийск; 4234
Усть Абакан; 39032
Усть Большерецк; 41532
Усть Джегута; 87875
Усть Донецк; 86351
Усть Илимск; 39535
Усть Ишим; 38150
Усть Камчатск; 41534
Усть Катав; 35167
Усть Качка; 342
Усть Кишерть; 34252
Усть Кулом; 82137
Усть Кут; 39565
Усть Лабинск; 86135
Усть Мая; 41141
Усть Нера; 41154
Усть Омчуг; 41344
Усть Ордынский; 39541
Усть Тарка; 38372
Усть Уда; 39545
Усть Хайрюзово; 41539
Усть Цильма; 82141
Усть-Енисейский; 39179
Усть-Калманка; 38599
Усть-Кан; 38847
Усть-Кокса; 38848
Усть-Чарышская Пристань; 38554
Устье; 81753
Устюжна; 81737
Уфа; 347
Ухолово; 49154
Ухта; 82167
Учалы; 34791
Уяр; 39146
Фаленки; 83332
Фатеж; 47144
Фаустово; 49646
Февральск; 41655
Федоровка; 34746
Ферзиково; 48437
Фершампенуаз; 35157
Фирово; 48239
Фокино; 42339
Фролово; 84465
Фруктовая; 49663
Фрязево; 49651
Фрязино; 496
Фряново; 496
Фурманов; 49341
Хабаровск; 4212
Хабары; 38569
Хабез; 87873
Хакуринохабль; 87773
Хандыга; 41153
Ханты-Мансийск; 3467
Харабали; 85148
Харовск; 81732
Харп; 34948
Хасавюрт;(872 31)
Хатангский; 39176
Хвалынск; 84595
Хвастовичи; 48453
Хвойная; 81667
Хилок; 30237
Хиславичи; 48140
Хлевное; 47477
Холм; 81654
Холм Жирки; 48139
Холмогоры; 81830
Холмск; 42433
Холодово; 49646
Хомутовка; 47137
Хомутово; 48678
Хоринск; 30148
Хороль; 42347
Хоста; 8622
Хотынец; 48642
Хотьково; 49654
Хохольский; 47371
Хунзах;(872 33)
Цаган Аман; 84744
Целина; 86371
Целинное; 38596
Целинное; 35241
Цивильск; 83545
Цимлянск; 86391
Чагода; 81741
Чайковский; 34241
Чалтырь; 86349
Чамзинка; 83437
Чаны; 38367
Чапаевск; 84639
Чаплыгин; 47475
Чара; 30261
Чарышское; 38574
Частоозерье; 35230
Частые; 34268
Чебаркуль; 35168
Чебоксары; 8352
Чегдомын; 42149
Чегем Первый; 86630
Чекмагуш; 34796
Челно Вершины; 84651
Челябинск; 351
Чемал; 38841
Чемодурово; 49644
Чердаклы; 84231
Чердынь; 34240
Черемисиново; 47159
Черемхово; 39546
Черемшан; 84396
Черепаново; 38345
Череповец; 8202
Черкесск; 87822
Черкесск; 8782
Черлак; 38153
Черниговка; 42351
Черноголовка; 49652
Черногорск; 39031
Чернушка; 34261
Черный Яр; 85149
Чернышевск; 30265
Чернышковский; 84474
Чернь; 48756
Чернянка; 47232
Черняховск; 40141
Черский; 41157
Чертково; 86387
Чесма; 35169
Чехов; 496
Чикола; 86734
Чистоозерное; 38368
Чистополь; 84342
Чита; 3022
Чишмы; 34797
Чкаловск; 83160
Чоя; 38840
Чугуевка; 42372
Чудово; 81665
Чулково; 49646
Чулым; 38350
Чунский; 39567
Чурапча; 41151
Чурилкино; 49679
Чусовой; 34256
Чухлома; 49441
Чучково; 49138
Шаблыкино; 48644
Шагонар; 39436
Шадринск; 35253
Шалинское; 39149
Шаля; 34358
Шаран; 34769
Шаранга; 83155
Шарапово; 49632
Шаркан; 34136
Шарлык; 35358
Шарыпово; 39153
Шарья; 49449
Шатки; 83190
Шатой; 87135
Шатрово; 35257
Шатура; 49645
Шаховская; 49637
Шахты; 8636
Шахунья; 83152
Шацк; 49147
Шебалино; 38849
Шебекино; 47248
Шебляково; 49624
Шексна; 81751
Шелаболиха; 38558
Шелехов; 39550
Шелопугино; 30266
Шемурша; 83546
Шемышейка; 84159
Шенкурск; 81851
Шентала; 84652
Шигоны; 84648
Шилка; 30244
Шилово; 49136
Шимановск; 41651
Шимск; 81656
Шипуново; 38550
Шира; 39035
Шишкин Лес; 4967
Шувое; 49640
Шугарово; 49664
Шуйское; 81749
Шумерля; 83536
Шумиха; 35245
Шумячи; 48133
Шушенское; 39139
Шуя; 49351
Щапово; 4967
Щекино; 48751
Щелково; 496
Щербакуль; 38177
Щербинка; 4967
Щигры; 47145
Щурово; 4966
Щучье; 35244
Ытык Кюель; 41152
Эвенск; 41348
Электрогорск; 49643
Электросталь; 49657
Электроугли; 49651
Элиста; 84722
Эльхотово; 86735
Энгельс; 8453
Эртиль; 47345
Эссо; 41542
Югорск; 34675
Южа; 49347
Южно-Сахалинск; 42422
Южно-Сахалинск; 4242
Южноуральск; 35134
Юкаменское; 34161
Юрга; 38451
Юргамыш; 35248
Юргинское; 34543
Юрино; 83644
Юрла; 34294
Юрцово; 49640
Юрьев-Польский; 49246
Юрьевец; 49337
Юрья; 83366
Юсьва; 34246
Юхнов; 48436
Явас; 83457
Ягодное; 41343
Ядрин; 83547
Языково; 34747
Яковлевка; 42371
Якутск; 4112
Якшур-Бодья; 34162
Ялуторовск; 34535
Яльчики; 83549
Янаул; 34760
Янтиково; 83548
Яр; 34157
Яр Сале; 34996
Яранск; 83367
Яренск; 81859
Ярково; 34531
Ярославль; 4852
Ярцево; 48143
Ясногорск; 48766
Ясный; 35368
Яхрома; 49622
Яшалта; 84745
Яшкино; 38455
Яшкуль; 84746
Яя; 38441
